client_id,x,y
0,9.000431541588165,21.30790385673145
1,16.63588818827187,13.787752175518538
2,4.3326642174214225,4.332148995556023
3,2.24070543970008,19.50211127864029
4,13.840225273790784,16.124911591758615
